feature,value
distance,0.282870072817144
elevation,0.25911477810890915
mass,0.18414834251017712
richness,0.12415437041856738
month,0.03976945559932414
sm_community,0.03125251832313671
age,0.026955462937823853
grid_attr,0.019991266981353988
sex,0.01883664165238121
season,0.009830523923726185
grid,0.003076566727456211
