feature,value
richness,0.36806010053029964
distance,0.15453641078642685
elevation,0.14251183951111193
mass,0.08774092282059827
sm_community,0.07336083114105994
month,0.06345510139886544
grid_attr,0.05867561378977299
age,0.01929950553484996
season,0.01829904151114151
sex,0.009787088765474452
grid,0.0042735442103990625
