feature,value
distance,0.23823965880595713
elevation,0.22907887092745477
mass,0.16608244870635588
richness,0.1639177872007274
month,0.058462674887364785
sm_community,0.041841524991032435
grid_attr,0.033268416516815995
age,0.027828307075656544
sex,0.020408080749704384
season,0.01781244037999446
grid,0.0030597897589362964
