feature,value
asv_degree,0.7688076876364897
elevation.obs,0.0575438826453684
host_degree,0.05712043490224049
mass,0.054086592691429534
season,0.0155436102632203
pca_grid_attr,0.012544761908143524
pca_grid_sm,0.012349635869138094
age_repro,0.010982001373810375
sex_male,0.005576883603267082
sex_female,0.005444509106892519
