feature,value
asv_degree,0.7420766040600714
host_degree,0.06572773431714549
elevation.obs,0.06504794662740629
mass,0.0618855446462118
season,0.018181698563044055
pca_grid_sm,0.012707183932339515
age_repro,0.012033039953565236
pca_grid_attr,0.011819786974304653
sex_male,0.005647717115347745
sex_female,0.004872743810563894
